{
    "_vcs_DPI_package": [
        "_vcs_DPI_package",
        "uM9F1",
        "module",
        1
    ],
    "vcs_paramclassrepository": [
        "vcs_paramclassrepository",
        "hEeZs",
        "module",
        2
    ],
    "_vcs_unit__362605801": [
        "_vcs_unit__362605801",
        "e8HGB",
        "module",
        3
    ],
    "std": [
        "std",
        "reYIK",
        "module",
        4
    ],
    "uvm_pkg": [
        "uvm_pkg",
        "zr7M1",
        "module",
        5
    ],
    "mux": [
        "mux",
        "RZvU4",
        "module",
        6
    ],
    "mux_if": [
        "mux_if",
        "dLB5v",
        "module",
        7
    ],
    "mux_tb": [
        "mux_tb",
        "RWaGB",
        "module",
        8
    ],
    "...MASTER...": [
        "SIM",
        "amcQw",
        "module",
        9
    ]
}